y_physical,ux,rho
4,0.00146246,1.00497
4.5,0.00163696,1.00497
5,0.00171697,1.00497
5.5,0.0017779,1.00497
6,0.00181857,1.00497
6.5,0.00183903,1.00497
7,0.00183903,1.00497
7.5,0.00181857,1.00497
8,0.00177784,1.00497
8.5,0.00171688,1.00497
9,0.00163661,1.00497
9.5,0.00146231,1.00497
