y_physical,ux,rho
4,0.00146244,1.00497
4.5,0.00163689,1.00497
5,0.00171693,1.00497
5.5,0.00177789,1.00497
6,0.00181857,1.00497
6.5,0.00183927,1.00497
7,0.00183904,1.00497
7.5,0.00181857,1.00497
8,0.00177789,1.00497
8.5,0.00171693,1.00497
9,0.00163646,1.00497
9.5,0.00146248,1.00497
