y_physical,ux,rho
0,0,1
1,0.000301477,1.00495
2,0.000806153,1.00495
3,0.00121156,1.00495
4,0.00154601,1.00495
5,0,1
6,0,1
7,0,1
8,0,1
9,0.001546,1.00495
10,0.00121175,1.00495
11,0.000806123,1.00495
12,0.000301655,1.00495
13,0,1
