y_physical,ux,rho
0,0,1
1,0.000301596,1.00495
2,0.000806182,1.00495
3,0.0012114,1.00495
4,0.00154606,1.00495
5,0,1
6,0,1
7,0,1
8,0,1
9,0.00154591,1.00495
10,0.00121129,1.00495
11,0.000805975,1.00495
12,0.000301596,1.00495
13,0,1
